ward,category,program_name,min_age_months,max_age_months,income_condition,program_type,amount_or_content,application_channel,required_documents,has_deadline,deadline_rule,source_url,fetched_at,reviewed_by,notes
千代田区,産後ケア事業,産後ケア事業(宿泊型・通所型・訪問型),0,12,"なし(要確認)",クーポン・利用料減免,"宿泊型8,000〜15,000円/通所型5,000〜7,000円/訪問型1,000円(目安、区が一部負担)",窓口(子育て推進課),母子健康手帳,0,,https://www.city.chiyoda.lg.jp/koho/kosodate/kosodate/ninshin/sango.html,2026-09-06,,対象は産後1年未満の母子
中央区,産後ケア事業,産後ケア事業,0,,"要確認(施設一覧PDF参照)",クーポン・利用料減免,"施設ごとの利用者負担額は施設一覧PDF参照。医療的ケア児・多胎児・低出生体重児等の事情がある方が対象",窓口,母子健康手帳,0,,https://www.city.chuo.lg.jp/a0031/kosodate/shussan/shussanshien/user_fkensu_time_20170323.html,2026-09-06,,対象要件がやや特殊(医療的ケア児・多胎児等)で要個別確認
新宿区,産後ケア事業,産後ケア事業(ショートステイ型・デイサービス型・アウトリーチ型),0,,"なし(要確認)",クーポン・利用料減免,"アウトリーチ型1回1,000円(最大3回、双子6回)/宿泊型1泊2日約8,000円/日帰り型1回約2,000円",保健センター窓口(牛込・四谷・東新宿・落合)/郵送/電子申請,母子健康手帳,0,,https://www.city.shinjuku.lg.jp/fukushi/postpartum_care.html,2026-09-06,,
文京区,産後ケア事業,産後ケア事業(宿泊型・デイサービス型サロン・訪問型),0,,"なし(要確認)",クーポン・利用料減免,"最大5回まで1回2,500円に減免(訪問型含む)",窓口,"母子健康手帳・利用承認通知書",0,,https://www.city.bunkyo.lg.jp/b029/p001560.html,2026-09-06,,
台東区,産後ケア事業,産後ケア(宿泊型・日帰り型/外来型・訪問型乳房ケア),0,4,"要確認(課税状況により自己負担額が変動)",クーポン・利用料減免,"施設設定額から区負担額を差し引いた額を自己負担(課税状況により異なる)",窓口,母子健康手帳,0,,https://www.city.taito.lg.jp/kosodatekyouiku/kosodate/mokutei/kenkou_iryou/shussan/sangocare.html,2026-09-06,,外来型・訪問型乳房ケアは産後1年未満まで対象(宿泊型・日帰り型は4ヶ月未満)
墨田区,産後ケア事業,産後ケア事業(宿泊型・日帰り型・外来型・訪問型),0,12,"住民税非課税世帯・生活保護世帯は免除",クーポン・利用料減免,"宿泊型1泊2日14,000円〜/日帰り型1回3,000円〜/外来型・訪問型各1回1,000円",窓口,母子健康手帳,0,,https://www.city.sumida.lg.jp/kenko_fukushi/kenko/oyako_kenko/sangoriyou/index.html,2026-09-06,,宿泊型・日帰り型は原則産後4ヶ月未満、他は1年未満
江東区,産後ケア事業,産後ケア事業(日帰り型・スポット型・訪問型),0,12,"要確認",クーポン・利用料減免,"日帰り型は2026年3月まで3,500円、4月以降5,000円/回(2回まで)。乳房ケア(外来・訪問)は合わせて2回まで。宿泊型は5泊6日まで",窓口,母子健康手帳,0,,https://www.city.koto.lg.jp/260501/kodomo/ninshinshussan/kenko/99710.html,2026-09-06,,日帰り型は産後4ヶ月未満、スポット型は1年未満
品川区,産後ケア事業,産後ケア事業(訪問型・日帰り型(個別/集団)・宿泊型),0,12,"住民税非課税世帯は半額、生活保護世帯は免除",クーポン・利用料減免,"日帰り型(個別)・訪問型は合わせて5回まで(超過分は自費)",窓口,母子健康手帳,0,,https://www.city.shinagawa.tokyo.jp/PC/kodomo/kodomo-ninnshinn/kodomo-ninnshinn-umaretara/20240328204226.html,2026-09-06,,対象は産後1年未満の母子
目黒区,産後ケア事業,産後ケア事業(通所個別型・訪問型・宿泊型),0,12,"要確認",クーポン・利用料減免,"宿泊型は1泊2日7,500円(1泊2,500円減免適用後、最大5泊まで加算)",窓口(申請から利用まで概ね2週間),母子健康手帳,0,,https://www.city.meguro.tokyo.jp/chiikihoken/kosodatekyouiku/ninshin/sanngokea-tsusyokobetsu.html,2026-09-06,,通所個別型は産後4ヶ月未満、訪問型は1年未満
大田区,産後ケア事業,産後ケア事業(グループケア型 等),0,12,"生活保護受給者は受給者証提示で免除",クーポン・利用料減免,"詳細な利用料は公式サイト参照(生活保護世帯は免除)",窓口,母子健康手帳,0,,https://www.city.ota.tokyo.jp/seikatsu/kodomo/shussan/sango-care.html,2026-09-06,,産後1年未満(グループケア型は5ヶ月未満)。早産児(在胎37週未満)は修正月齢を適用
世田谷区,産後ケア事業,産後ケア事業クーポン,0,4,"住民税課税世帯はクーポン配布/非課税世帯等は利用者負担金自体が0円で減免",クーポン・利用料減免,"宿泊型2,000円/泊・アウトリーチ型0円(クーポン1産婦あたり5枚)",オンライン or 子ども家庭支援センター,母子健康手帳,0,,https://www.city.setagaya.lg.jp/03648/1210.html,2026-09-06,,対象は生後4日〜4ヶ月未満、登録は妊娠28週以降から可能
渋谷区,産後ケア事業,産後ケア事業(宿泊型・訪問型・デイサービス型),0,12,"生活保護世帯は全タイプ免除、その他減免制度あり",クーポン・利用料減免,"宿泊型は最大5日間・1泊2日7,000円(以降1日+3,500円)。デイサービス型は令和8年4月から7回に拡充・1回2,000円",LINE/郵送/窓口,母子健康手帳,0,,https://www.city.shibuya.tokyo.jp/kodomo/ninshin/ninshin-sodan/sango_care.html,2026-09-06,,申請受付は妊娠28週以降〜利用14日前まで
中野区,産後ケア事業,中野区産後ケア事業(ショートステイ・デイケア・アウトリーチ),0,5,"生活保護世帯・住民税非課税世帯は無料",クーポン・利用料減免,"ショートステイ1回3,000円・1泊2日6,000円(最大7回まで)",事前に「かんがるー面接」実施後、窓口で申請,母子健康手帳,0,,https://www.city.tokyo-nakano.lg.jp/kosodate/kosodatesite_ohirune/nenreibetsu/syussan/sangoshien/sangocare.html,2026-09-06,,対象は産後満5ヶ月になる前日まで
杉並区,産後ケア事業,産後ケア事業(宿泊型・日帰り型),0,7,"要確認",クーポン・利用料減免,"区の定める利用者負担金(施設により異なる、詳細は施設に確認)",窓口(利用承認後に施設予約),"母子健康手帳・利用承認通知書",0,,https://www.city.suginami.tokyo.jp/s054/1123.html,2026-09-06,,令和7年4月に対象月齢を6ヶ月未満→7ヶ月未満に拡大
豊島区,産後ケア事業,産後ケア事業(宿泊型・通所型・訪問型),0,12,"要確認",クーポン・利用料減免,"利用者負担額あり(具体額は要問合せ)。流産・死産経験者も利用可",窓口(健康推進課),"母子健康手帳・利用承認通知書兼利用券",0,,https://www.city.toshima.lg.jp/565/kenko/kenko/1804131444.html,2026-09-06,,宿泊型・通所型は概ね4ヶ月未満、訪問型は概ね1年未満
北区,産後ケア事業,産後ケア事業(宿泊型・日帰り型・訪問型),0,,"要確認",クーポン・利用料減免,"日帰り型は自己負担2,500円(他タイプは施設ごとに異なる)",窓口,母子健康手帳,0,,https://www.city.kita.lg.jp/children-edu/pregnancy/1018244/1002787.html,2026-09-06,,感染症等がある場合は利用不可
荒川区,産後ケア事業,荒川区産後ケア事業(宿泊型・日帰り型・訪問型),0,12,"住民税非課税世帯等は減免、生活保護世帯は全額免除",クーポン・利用料減免,"(令和8年4月以降)宿泊型1日31,700円/日帰り型1日22,500円/訪問型1日6,500円(いずれも一般・母子世帯。多胎児加算あり)",窓口,"母子健康手帳・課税状況等を証する書類",0,,https://www.city.arakawa.tokyo.jp/a035/ninshinshussan/ninsampushien/sangokea_reiwa7.html,2026-09-06,,金額は施設設定額とみられ、区の助成後の実質自己負担額は別途要確認
板橋区,産後ケア事業,産後ケア事業(宿泊型・通所型・訪問型),0,,"非課税世帯・生活保護世帯は全タイプ免除",クーポン・利用料減免,"通所型2,000円(7回まで)。多胎児は2人目以降の利用料免除(令和7年4月〜)",窓口(妊娠8ヶ月以降に利用登録申請),"母子健康手帳・利用登録申請書",0,,https://www.city.itabashi.tokyo.jp/kosodate/ninshin/ninshin/1051233.html,2026-09-06,,
練馬区,産後ケア事業,産後ケア事業(ショートステイ・デイケア・訪問),0,12,"要確認",クーポン・利用料減免,"1,500円(12回まで)",窓口,母子健康手帳,0,,https://www.city.nerima.tokyo.jp/hokenfukushi/hoken/sukoyaka/sango-keajigyou.html,2026-09-06,,ショートステイは概ね産後4ヶ月まで、他は1年未満
足立区,産後ケア事業,産後ケア(デイサービス型 等),0,12,"要確認",クーポン・利用料減免,"自己負担額あり(具体額は要問合せ)",窓口(保健予防課。妊娠28週以降〜利用2週間前までに申請),母子健康手帳,0,,https://www.city.adachi.tokyo.jp/hoken/fukushi-kenko/kenko/sangokea.html,2026-09-06,,施設(Ohana/すこやかプラザあだち等)により対象月齢が4ヶ月未満/1年未満と異なる
葛飾区,産後ケア事業,産後ケア事業(宿泊型・日帰り型・訪問型),0,12,"要確認",クーポン・利用料減免,"宿泊型1泊2日8,000円(1日追加4,000円、6泊7日まで)/日帰り型1日2,000円(7回まで)/訪問型1回600円(5回まで)",窓口,母子健康手帳,0,,https://www.city.katsushika.lg.jp/kenkou/1000050/1001803/1030308/index.html,2026-09-06,,健診日・予防接種日とその翌日は利用不可。宿泊/日帰りは4ヶ月未満、訪問は1年未満
江戸川区,産後ケア事業,産後ケア事業(訪問型・宿泊型・デイサービス型),0,4,"要確認",クーポン・利用料減免,"訪問型1回2,000円(3回まで)。宿泊型・デイサービス型は施設により異なる。多胎児は追加料金無料",窓口,母子健康手帳,0,,https://www.city.edogawa.tokyo.jp/e052/kosodate/ninshin/sangokea/houmon.html,2026-09-06,,対象は産後4ヶ月未満(流産・死産は1年未満)
港区,産後ケア事業,産後母子ケア宿泊型ショートステイ/デイサービス・乳房ケア事業,0,12,"非課税世帯は全額免除",クーポン・利用料減免,"宿泊型は最大7日間、施設により1泊1,000円台から",窓口(みなと保健所),母子健康手帳,0,,https://www.city.minato.tokyo.jp/chiikihoken/kodomo/boshi-shortstay.html,2026-09-06,,対象は生後1年未満の母子
